"ProvinceNo","ProvinceMOI_ID","ProvinceNameThai","Region_RDPB","Region_en","GID_1","GID_0","NAME_1"
1,10,"กรุงเทพมหานคร","ภาคกลาง","Central","THA.3_1","THA","Bangkok Metropolis"
2,81,"กระบี่","ภาคใต้","South","THA.18_1","THA","Krabi"
3,71,"กาญจนบุรี","ภาคกลาง","Central","THA.16_1","THA","Kanchanaburi"
4,46,"กาฬสินธุ์","ภาคตะวันออกเฉียงเหนือ","Northeast","THA.14_1","THA","Kalasin"
5,62,"กำแพงเพชร","ภาคเหนือ","North","THA.15_1","THA","Kamphaeng Phet"
6,40,"ขอนแก่น","ภาคตะวันออกเฉียงเหนือ","Northeast","THA.17_1","THA","Khon Kaen"
7,22,"จันทบุรี","ภาคกลาง","Central","THA.9_1","THA","Chanthaburi"
8,24,"ฉะเชิงเทรา","ภาคกลาง","Central","THA.6_1","THA","Chachoengsao"
9,20,"ชลบุรี","ภาคกลาง","Central","THA.12_1","THA","Chon Buri"
10,18,"ชัยนาท","ภาคกลาง","Central","THA.7_1","THA","Chai Nat"
11,36,"ชัยภูมิ","ภาคตะวันออกเฉียงเหนือ","Northeast","THA.8_1","THA","Chaiyaphum"
12,86,"ชุมพร","ภาคใต้","South","THA.13_1","THA","Chumphon"
13,57,"เชียงราย","ภาคเหนือ","North","THA.11_1","THA","Chiang Rai"
14,50,"เชียงใหม่","ภาคเหนือ","North","THA.10_1","THA","Chiang Mai"
15,92,"ตรัง","ภาคใต้","South","THA.70_1","THA","Trang"
16,23,"ตราด","ภาคกลาง","Central","THA.71_1","THA","Trat"
17,63,"ตาก","ภาคเหนือ","North","THA.69_1","THA","Tak"
18,26,"นครนายก","ภาคกลาง","Central","THA.26_1","THA","Nakhon Nayok"
19,73,"นครปฐม","ภาคกลาง","Central","THA.27_1","THA","Nakhon Pathom"
20,48,"นครพนม","ภาคตะวันออกเฉียงเหนือ","Northeast","THA.28_1","THA","Nakhon Phanom"
21,30,"นครราชสีมา","ภาคตะวันออกเฉียงเหนือ","Northeast","THA.29_1","THA","Nakhon Ratchasima"
22,80,"นครศรีธรรมราช","ภาคใต้","South","THA.31_1","THA","Nakhon Si Thammarat"
23,60,"นครสวรรค์","ภาคเหนือ","North","THA.30_1","THA","Nakhon Sawan"
24,12,"นนทบุรี","ภาคกลาง","Central","THA.36_1","THA","Nonthaburi"
25,96,"นราธิวาส","ภาคใต้","South","THA.33_1","THA","Narathiwat"
26,55,"น่าน","ภาคเหนือ","North","THA.32_1","THA","Nan"
27,38,"บึงกาฬ","ภาคตะวันออกเฉียงเหนือ","Northeast","THA.4_1","THA","Bueng Kan"
28,31,"บุรีรัมย์","ภาคตะวันออกเฉียงเหนือ","Northeast","THA.5_1","THA","Buri Ram"
29,13,"ปทุมธานี","ภาคกลาง","Central","THA.37_1","THA","Pathum Thani"
30,77,"ประจวบคีรีขันธ์","ภาคกลาง","Central","THA.50_1","THA","Prachuap Khiri Khan"
31,25,"ปราจีนบุรี","ภาคกลาง","Central","THA.49_1","THA","Prachin Buri"
32,94,"ปัตตานี","ภาคใต้","South","THA.38_1","THA","Pattani"
33,14,"พระนครศรีอยุธยา","ภาคกลาง","Central","THA.46_1","THA","Phra Nakhon Si Ayutthaya"
34,56,"พะเยา","ภาคเหนือ","North","THA.41_1","THA","Phayao"
35,82,"พังงา","ภาคใต้","South","THA.39_1","THA","Phangnga"
36,93,"พัทลุง","ภาคใต้","South","THA.40_1","THA","Phatthalung"
37,66,"พิจิตร","ภาคเหนือ","North","THA.44_1","THA","Phichit"
38,65,"พิษณุโลก","ภาคเหนือ","North","THA.45_1","THA","Phitsanulok"
39,76,"เพชรบุรี","ภาคกลาง","Central","THA.43_1","THA","Phetchaburi"
40,67,"เพชรบูรณ์","ภาคเหนือ","North","THA.42_1","THA","Phetchabun"
41,54,"แพร่","ภาคเหนือ","North","THA.47_1","THA","Phrae"
42,83,"ภูเก็ต","ภาคใต้","South","THA.48_1","THA","Phuket"
43,44,"มหาสารคาม","ภาคตะวันออกเฉียงเหนือ","Northeast","THA.24_1","THA","Maha Sarakham"
44,49,"มุกดาหาร","ภาคตะวันออกเฉียงเหนือ","Northeast","THA.25_1","THA","Mukdahan"
45,58,"แม่ฮ่องสอน","ภาคเหนือ","North","THA.23_1","THA","Mae Hong Son"
46,35,"ยโสธร","ภาคตะวันออกเฉียงเหนือ","Northeast","THA.77_1","THA","Yasothon"
47,95,"ยะลา","ภาคใต้","South","THA.76_1","THA","Yala"
48,45,"ร้อยเอ็ด","ภาคตะวันออกเฉียงเหนือ","Northeast","THA.54_1","THA","Roi Et"
49,85,"ระนอง","ภาคใต้","South","THA.51_1","THA","Ranong"
50,21,"ระยอง","ภาคกลาง","Central","THA.53_1","THA","Rayong"
51,70,"ราชบุรี","ภาคกลาง","Central","THA.52_1","THA","Ratchaburi"
52,16,"ลพบุรี","ภาคกลาง","Central","THA.22_1","THA","Lop Buri"
53,52,"ลำปาง","ภาคเหนือ","North","THA.19_1","THA","Lampang"
54,51,"ลำพูน","ภาคเหนือ","North","THA.20_1","THA","Lamphun"
55,42,"เลย","ภาคตะวันออกเฉียงเหนือ","Northeast","THA.21_1","THA","Loei"
56,33,"ศรีสะเกษ","ภาคตะวันออกเฉียงเหนือ","Northeast","THA.62_1","THA","Si Sa Ket"
57,47,"สกลนคร","ภาคตะวันออกเฉียงเหนือ","Northeast","THA.56_1","THA","Sakon Nakhon"
58,90,"สงขลา","ภาคใต้","South","THA.64_1","THA","Songkhla"
59,91,"สตูล","ภาคใต้","South","THA.61_1","THA","Satun"
60,11,"สมุทรปราการ","ภาคกลาง","Central","THA.57_1","THA","Samut Prakan"
61,75,"สมุทรสงคราม","ภาคกลาง","Central","THA.59_1","THA","Samut Songkhram"
62,74,"สมุทรสาคร","ภาคกลาง","Central","THA.58_1","THA","Samut Sakhon"
63,27,"สระแก้ว","ภาคกลาง","Central","THA.55_1","THA","Sa Kaeo"
64,19,"สระบุรี","ภาคกลาง","Central","THA.60_1","THA","Saraburi"
65,17,"สิงห์บุรี","ภาคกลาง","Central","THA.63_1","THA","Sing Buri"
66,64,"สุโขทัย","ภาคเหนือ","North","THA.65_1","THA","Sukhothai"
67,72,"สุพรรณบุรี","ภาคกลาง","Central","THA.66_1","THA","Suphan Buri"
68,84,"สุราษฎร์ธานี","ภาคใต้","South","THA.67_1","THA","Surat Thani"
69,32,"สุรินทร์","ภาคตะวันออกเฉียงเหนือ","Northeast","THA.68_1","THA","Surin"
70,43,"หนองคาย","ภาคตะวันออกเฉียงเหนือ","Northeast","THA.35_1","THA","Nong Khai"
71,39,"หนองบัวลำภู","ภาคตะวันออกเฉียงเหนือ","Northeast","THA.34_1","THA","Nong Bua Lam Phu"
72,15,"อ่างทอง","ภาคกลาง","Central","THA.2_1","THA","Ang Thong"
73,37,"อำนาจเจริญ","ภาคตะวันออกเฉียงเหนือ","Northeast","THA.1_1","THA","Amnat Charoen"
74,41,"อุดรธานี","ภาคตะวันออกเฉียงเหนือ","Northeast","THA.73_1","THA","Udon Thani"
75,53,"อุตรดิตถ์","ภาคเหนือ","North","THA.75_1","THA","Uttaradit"
76,61,"อุทัยธานี","ภาคเหนือ","North","THA.74_1","THA","Uthai Thani"
77,34,"อุบลราชธานี","ภาคตะวันออกเฉียงเหนือ","Northeast","THA.72_1","THA","Ubon Ratchathani"
